imagem,ponto,X_quadrados,Y_quadrados,Z_quadrados,u_previsto_px,v_previsto_px,u_observado_px,v_observado_px,erro_px
02_IMG_8157.png,1,1.0,0.0,0.0,809.2870483398438,780.2882080078125,809.38037109375,779.9911499023438,0.31137219071388245
02_IMG_8157.png,3,3.0,0.0,0.0,813.5033569335938,934.0673217773438,813.491943359375,933.9061889648438,0.1615365445613861
02_IMG_8157.png,5,5.0,0.0,0.0,818.51904296875,1087.96630859375,818.62255859375,1087.98681640625,0.10552750527858734
02_IMG_8157.png,7,0.0,1.0,0.0,730.178955078125,705.9133911132812,730.1759033203125,705.8782958984375,0.03522764891386032
02_IMG_8157.png,9,2.0,1.0,0.0,734.1323852539062,859.800537109375,733.7464599609375,859.8641967773438,0.39114049077033997
02_IMG_8157.png,11,4.0,1.0,0.0,738.619384765625,1013.1051025390625,738.3099975585938,1012.9840087890625,0.33224108815193176
02_IMG_8157.png,13,6.0,1.0,0.0,743.695556640625,1167.246337890625,743.6463012695312,1167.2540283203125,0.049852125346660614
02_IMG_8157.png,15,1.0,2.0,0.0,655.3304443359375,785.5411987304688,655.2318115234375,785.71826171875,0.20268136262893677
02_IMG_8157.png,17,3.0,2.0,0.0,659.5481567382812,938.7236328125,659.39453125,938.753173828125,0.15643996000289917
02_IMG_8157.png,19,5.0,2.0,0.0,664.0890502929688,1092.0286865234375,663.9332885742188,1091.8287353515625,0.2534604072570801
02_IMG_8157.png,21,0.0,3.0,0.0,576.7291259765625,710.9486083984375,576.7314453125,710.927490234375,0.021245144307613373
02_IMG_8157.png,23,2.0,3.0,0.0,580.9292602539062,864.470458984375,580.9190063476562,864.5449829101562,0.07522604614496231
02_IMG_8157.png,25,4.0,3.0,0.0,585.1943359375,1017.4176025390625,585.2962036132812,1017.3815307617188,0.10806570202112198
02_IMG_8157.png,27,6.0,3.0,0.0,589.5658569335938,1171.20849609375,589.5808715820312,1171.2965087890625,0.08928423374891281
02_IMG_8157.png,29,1.0,4.0,0.0,502.39459228515625,790.0016479492188,502.5441589355469,790.2352294921875,0.27736350893974304
02_IMG_8157.png,31,3.0,4.0,0.0,506.63555908203125,943.05810546875,506.73504638671875,943.0737915039062,0.10071631520986557
02_IMG_8157.png,33,5.0,4.0,0.0,510.724609375,1096.249267578125,510.8310241699219,1096.22998046875,0.10814851522445679
02_IMG_8157.png,35,0.0,5.0,0.0,423.583740234375,714.98046875,423.7274475097656,714.8904418945312,0.16957774758338928
02_IMG_8157.png,37,2.0,5.0,0.0,428.0448303222656,868.6026611328125,428.4024963378906,868.5360717773438,0.3638119399547577
02_IMG_8157.png,39,4.0,5.0,0.0,432.10321044921875,1021.6672973632812,432.3382873535156,1021.6500854492188,0.2357061803340912
02_IMG_8157.png,41,6.0,5.0,0.0,435.78643798828125,1175.592041015625,435.6879577636719,1175.7867431640625,0.21819092333316803
02_IMG_8157.png,43,1.0,6.0,0.0,349.0619812011719,793.7112426757812,349.1280517578125,793.5174560546875,0.2047402560710907
02_IMG_8157.png,45,3.0,6.0,0.0,353.3339538574219,947.1115112304688,353.39385986328125,947.1341552734375,0.06404281407594681
02_IMG_8157.png,47,5.0,6.0,0.0,356.97991943359375,1100.66796875,356.9449462890625,1100.8560791015625,0.1913338005542755
16_IMG_8171.png,1,1.0,0.0,0.0,634.3712158203125,630.9669799804688,634.4815673828125,630.2308349609375,0.7443702220916748
16_IMG_8171.png,3,3.0,0.0,0.0,773.6642456054688,712.0392456054688,773.9172973632812,711.7009887695312,0.42243683338165283
16_IMG_8171.png,5,5.0,0.0,0.0,908.5657348632812,789.1306762695312,908.8220825195312,789.1142578125,0.25687289237976074
16_IMG_8171.png,7,0.0,1.0,0.0,522.8045654296875,663.8489990234375,522.5980224609375,663.43310546875,0.46435701847076416
16_IMG_8171.png,9,2.0,1.0,0.0,663.021728515625,744.0950927734375,662.95654296875,743.7294311523438,0.37142640352249146
16_IMG_8171.png,11,4.0,1.0,0.0,798.0690307617188,820.2586059570312,797.79052734375,820.0731201171875,0.3346179127693176
16_IMG_8171.png,13,6.0,1.0,0.0,929.4349975585938,893.304443359375,929.5966796875,893.979736328125,0.6943786144256592
16_IMG_8171.png,15,1.0,2.0,0.0,554.5133666992188,775.0990600585938,554.66796875,775.2349853515625,0.20585791766643524
16_IMG_8171.png,17,3.0,2.0,0.0,690.2244873046875,850.40380859375,690.0648803710938,850.2377319335938,0.23033851385116577
16_IMG_8171.png,19,5.0,2.0,0.0,821.544921875,922.4965209960938,820.9365844726562,922.3723754882812,0.6208755970001221
16_IMG_8171.png,21,0.0,3.0,0.0,447.5525207519531,805.2327880859375,447.5645446777344,805.7582397460938,0.5255892276763916
16_IMG_8171.png,23,2.0,3.0,0.0,584.445556640625,879.7366333007812,584.529541015625,879.7174682617188,0.08614333719015121
16_IMG_8171.png,25,4.0,3.0,0.0,716.206787109375,950.9343872070312,715.697998046875,950.5518798828125,0.6365360617637634
16_IMG_8171.png,27,6.0,3.0,0.0,844.2362670898438,1019.6383666992188,843.758544921875,1020.4176635742188,0.9140689373016357
16_IMG_8171.png,29,1.0,4.0,0.0,480.1854248046875,908.4161376953125,480.5057373046875,908.8826904296875,0.5659254193305969
16_IMG_8171.png,31,3.0,4.0,0.0,612.8738403320312,978.7675170898438,612.8327026367188,978.6384887695312,0.1354275345802307
16_IMG_8171.png,33,5.0,4.0,0.0,741.1530151367188,1046.5391845703125,740.500244140625,1046.3115234375,0.6913317441940308
16_IMG_8171.png,35,0.0,5.0,0.0,376.9341735839844,936.5909423828125,377.41497802734375,937.2232055664062,0.7943108081817627
16_IMG_8171.png,37,2.0,5.0,0.0,511.03497314453125,1006.1354370117188,511.7320861816406,1006.5794677734375,0.8265167474746704
16_IMG_8171.png,39,4.0,5.0,0.0,640.020751953125,1073.015625,639.8416748046875,1072.58251953125,0.46866723895072937
16_IMG_8171.png,41,6.0,5.0,0.0,765.2125244140625,1137.9178466796875,764.6647338867188,1138.3623046875,0.7054200172424316
16_IMG_8171.png,43,1.0,6.0,0.0,410.2131652832031,1033.168701171875,410.8563537597656,1033.7578125,0.8722061514854431
16_IMG_8171.png,45,3.0,6.0,0.0,540.3612060546875,1099.1903076171875,540.6673583984375,1099.34423828125,0.3426717221736908
16_IMG_8171.png,47,5.0,6.0,0.0,666.0684814453125,1163.1575927734375,665.7918090820312,1162.9937744140625,0.3215338885784149
19_IMG_8174.png,1,1.0,0.0,0.0,499.96563720703125,772.99853515625,500.45263671875,772.7813720703125,0.5332244634628296
19_IMG_8174.png,3,3.0,0.0,0.0,626.8379516601562,827.9642333984375,627.002685546875,827.6104125976562,0.39029014110565186
19_IMG_8174.png,5,5.0,0.0,0.0,763.2875366210938,886.4141845703125,763.20703125,885.8421630859375,0.5776587724685669
19_IMG_8174.png,7,0.0,1.0,0.0,395.61944580078125,784.0265502929688,396.50482177734375,783.3841552734375,1.0938746929168701
19_IMG_8174.png,9,2.0,1.0,0.0,520.7927856445312,840.514892578125,521.1316528320312,841.3651733398438,0.9153187274932861
19_IMG_8174.png,11,4.0,1.0,0.0,654.776123046875,900.4921875,654.685546875,901.0289916992188,0.5443921089172363
19_IMG_8174.png,13,6.0,1.0,0.0,799.8204956054688,964.8511962890625,800.5484008789062,963.1813354492188,1.8216149806976318
19_IMG_8174.png,15,1.0,2.0,0.0,411.7283020019531,853.1090698242188,412.6170959472656,853.1605224609375,0.8902820348739624
19_IMG_8174.png,17,3.0,2.0,0.0,543.6942749023438,914.7033081054688,543.9791259765625,915.9336547851562,1.2628908157348633
19_IMG_8174.png,19,5.0,2.0,0.0,685.7999267578125,980.6741333007812,686.0043334960938,981.2411499023438,0.6027353405952454
19_IMG_8174.png,21,0.0,3.0,0.0,298.97027587890625,865.7996215820312,299.8345947265625,864.8983154296875,1.2487592697143555
19_IMG_8174.png,23,2.0,3.0,0.0,429.372802734375,929.1153564453125,429.9558410644531,930.0750122070312,1.1228859424591064
19_IMG_8174.png,25,4.0,3.0,0.0,569.0593872070312,996.8074340820312,569.3496704101562,998.3453369140625,1.565058946609497
19_IMG_8174.png,27,6.0,3.0,0.0,720.5588989257812,1070.067626953125,721.4066772460938,1068.62548828125,1.672869324684143
19_IMG_8174.png,29,1.0,4.0,0.0,311.03521728515625,943.8082275390625,311.7763366699219,943.5049438476562,0.8007739782333374
19_IMG_8174.png,31,3.0,4.0,0.0,448.8292541503906,1013.3511352539062,449.3112487792969,1014.2109985351562,0.9857401847839355
19_IMG_8174.png,33,5.0,4.0,0.0,597.3968505859375,1088.451171875,597.8428955078125,1089.0396728515625,0.7384371757507324
19_IMG_8174.png,35,0.0,5.0,0.0,187.7818603515625,958.8758544921875,188.65440368652344,958.3388061523438,1.0245743989944458
19_IMG_8174.png,37,2.0,5.0,0.0,324.20806884765625,1030.4229736328125,324.6864929199219,1030.45361328125,0.4794042110443115
19_IMG_8174.png,39,4.0,5.0,0.0,470.4573669433594,1107.5260009765625,470.8094482421875,1108.2401123046875,0.7961885929107666
19_IMG_8174.png,41,6.0,5.0,0.0,629.3870239257812,1191.8055419921875,630.491455078125,1191.2830810546875,1.2217748165130615
19_IMG_8174.png,43,1.0,6.0,0.0,194.1424560546875,1048.160888671875,194.5028533935547,1046.81494140625,1.3933628797531128
19_IMG_8174.png,45,3.0,6.0,0.0,338.6848449707031,1127.463134765625,338.68695068359375,1126.8294677734375,0.6336705088615417
19_IMG_8174.png,47,5.0,6.0,0.0,494.7374267578125,1213.9329833984375,495.1292419433594,1214.0130615234375,0.39991453289985657
