imagem,ponto,X_quadrados,Y_quadrados,Z_quadrados,u_previsto_px,v_previsto_px,u_observado_px,v_observado_px,erro_px
IMG_8157.png,1,1.0,0.0,0.0,809.2733154296875,780.2283325195312,809.38037109375,779.9911499023438,0.26022395491600037
IMG_8157.png,3,3.0,0.0,0.0,813.5433349609375,934.029052734375,813.491943359375,933.9061889648438,0.13317883014678955
IMG_8157.png,5,5.0,0.0,0.0,818.570068359375,1087.866455078125,818.62255859375,1087.98681640625,0.13130907714366913
IMG_8157.png,7,0.0,1.0,0.0,730.1544189453125,705.896240234375,730.1759033203125,705.8782958984375,0.027992455288767815
IMG_8157.png,9,2.0,1.0,0.0,734.163330078125,859.8355102539062,733.7464599609375,859.8641967773438,0.41785597801208496
IMG_8157.png,11,4.0,1.0,0.0,738.6704711914062,1013.1372680664062,738.3099975585938,1012.9840087890625,0.39170095324516296
IMG_8157.png,13,6.0,1.0,0.0,743.7333984375,1167.164306640625,743.6463012695312,1167.2540283203125,0.1250435709953308
IMG_8157.png,15,1.0,2.0,0.0,655.3436889648438,785.5966186523438,655.2318115234375,785.71826171875,0.16526825726032257
IMG_8157.png,17,3.0,2.0,0.0,659.5836181640625,938.8179931640625,659.39453125,938.753173828125,0.19988848268985748
IMG_8157.png,19,5.0,2.0,0.0,664.12060546875,1092.075927734375,663.9332885742188,1091.8287353515625,0.31014785170555115
IMG_8157.png,21,0.0,3.0,0.0,576.7286376953125,710.986572265625,576.7314453125,710.927490234375,0.05914870277047157
IMG_8157.png,23,2.0,3.0,0.0,580.9440307617188,864.5692749023438,580.9190063476562,864.5449829101562,0.03487581014633179
IMG_8157.png,25,4.0,3.0,0.0,585.2075805664062,1017.520751953125,585.2962036132812,1017.3815307617188,0.16503509879112244
IMG_8157.png,27,6.0,3.0,0.0,589.5593872070312,1171.20263671875,589.5808715820312,1171.2965087890625,0.09629923850297928
IMG_8157.png,29,1.0,4.0,0.0,502.3960876464844,790.0609741210938,502.5441589355469,790.2352294921875,0.2286701649427414
IMG_8157.png,31,3.0,4.0,0.0,506.6289978027344,943.1549072265625,506.73504638671875,943.0737915039062,0.13351427018642426
IMG_8157.png,33,5.0,4.0,0.0,510.7010498046875,1096.2969970703125,510.8310241699219,1096.22998046875,0.14623460173606873
IMG_8157.png,35,0.0,5.0,0.0,423.5940856933594,714.97216796875,423.7274475097656,714.8904418945312,0.15641139447689056
IMG_8157.png,37,2.0,5.0,0.0,428.02960205078125,868.6438598632812,428.4024963378906,868.5360717773438,0.3881603181362152
IMG_8157.png,39,4.0,5.0,0.0,432.0647277832031,1021.7023315429688,432.3382873535156,1021.6500854492188,0.27850401401519775
IMG_8157.png,41,6.0,5.0,0.0,435.721923828125,1175.5079345703125,435.6879577636719,1175.7867431640625,0.2808699309825897
IMG_8157.png,43,1.0,6.0,0.0,349.06396484375,793.6624755859375,349.1280517578125,793.5174560546875,0.15854904055595398
IMG_8157.png,45,3.0,6.0,0.0,353.29547119140625,947.0797119140625,353.39385986328125,947.1341552734375,0.11244736611843109
IMG_8157.png,47,5.0,6.0,0.0,356.9094543457031,1100.568359375,356.9449462890625,1100.8560791015625,0.289900541305542
IMG_8165.png,1,1.0,0.0,0.0,535.5504760742188,959.9066772460938,535.7487182617188,960.2777099609375,0.42067235708236694
IMG_8165.png,3,3.0,0.0,0.0,691.8341064453125,969.0523071289062,690.9705200195312,968.9166259765625,0.8741801381111145
IMG_8165.png,5,5.0,0.0,0.0,851.153564453125,977.9898681640625,850.3084106445312,977.6631469726562,0.9061079621315002
IMG_8165.png,7,0.0,1.0,0.0,447.4323425292969,1014.1641845703125,448.0788269042969,1013.8513793945312,0.7181846499443054
IMG_8165.png,9,2.0,1.0,0.0,608.4122924804688,1024.1024169921875,607.7293701171875,1024.8443603515625,1.0083961486816406
IMG_8165.png,11,4.0,1.0,0.0,771.7940673828125,1033.9822998046875,770.1349487304688,1034.39453125,1.7095640897750854
IMG_8165.png,13,6.0,1.0,0.0,939.3429565429688,1043.9046630859375,939.0027465820312,1042.2945556640625,1.6456575393676758
IMG_8165.png,15,1.0,2.0,0.0,519.288818359375,1082.8740234375,519.4658813476562,1082.6715087890625,0.26900461316108704
IMG_8165.png,17,3.0,2.0,0.0,687.4577026367188,1093.6138916015625,686.9288330078125,1094.588623046875,1.108965516090393
IMG_8165.png,19,5.0,2.0,0.0,859.1594848632812,1104.5947265625,858.4014282226562,1104.4923095703125,0.7649438381195068
IMG_8165.png,21,0.0,3.0,0.0,423.4192199707031,1146.0469970703125,423.97039794921875,1145.0142822265625,1.1705968379974365
IMG_8165.png,23,2.0,3.0,0.0,597.2866821289062,1157.520751953125,596.9124755859375,1157.33056640625,0.41976311802864075
IMG_8165.png,25,4.0,3.0,0.0,773.8950805664062,1169.4703369140625,772.9794921875,1169.8905029296875,1.007393479347229
IMG_8165.png,27,6.0,3.0,0.0,955.4746704101562,1182.055908203125,956.2413330078125,1180.241943359375,1.9693248271942139
IMG_8165.png,29,1.0,4.0,0.0,500.17864990234375,1226.5189208984375,500.4911193847656,1225.82958984375,0.7568450570106506
IMG_8165.png,31,3.0,4.0,0.0,682.6522216796875,1239.2957763671875,683.0545043945312,1239.4434814453125,0.428541898727417
IMG_8165.png,33,5.0,4.0,0.0,869.307861328125,1253.0213623046875,871.0374145507812,1256.230712890625,3.645721673965454
IMG_8165.png,35,0.0,5.0,0.0,394.7008056640625,1301.6678466796875,394.8108215332031,1301.1136474609375,0.5650135278701782
IMG_8165.png,37,2.0,5.0,0.0,584.2650146484375,1315.0611572265625,584.210693359375,1314.833251953125,0.23428960144519806
IMG_8165.png,39,4.0,5.0,0.0,777.0078125,1329.775146484375,777.4227905273438,1330.1488037109375,0.5584142208099365
IMG_8165.png,41,6.0,5.0,0.0,975.8040771484375,1346.065673828125,977.4519653320312,1345.0306396484375,1.9459781646728516
IMG_8165.png,43,1.0,6.0,0.0,477.19927978515625,1398.064208984375,477.03192138671875,1397.396240234375,0.6886153221130371
IMG_8165.png,45,3.0,6.0,0.0,677.33837890625,1413.5338134765625,677.5652465820312,1413.453857421875,0.24054503440856934
IMG_8165.png,47,5.0,6.0,0.0,882.53759765625,1431.079833984375,883.6864013671875,1431.027099609375,1.1500134468078613
IMG_8171.png,1,1.0,0.0,0.0,634.3472290039062,630.9022827148438,634.4815673828125,630.2308349609375,0.6847546100616455
IMG_8171.png,3,3.0,0.0,0.0,773.6459350585938,712.0289916992188,773.9172973632812,711.7009887695312,0.4257034361362457
IMG_8171.png,5,5.0,0.0,0.0,908.5100708007812,789.0648193359375,908.8220825195312,789.1142578125,0.3159042298793793
IMG_8171.png,7,0.0,1.0,0.0,522.7937622070312,663.7689208984375,522.5980224609375,663.43310546875,0.38869789242744446
IMG_8171.png,9,2.0,1.0,0.0,663.0293579101562,744.1318359375,662.95654296875,743.7294311523438,0.4089396297931671
IMG_8171.png,11,4.0,1.0,0.0,798.0779418945312,820.3047485351562,797.79052734375,820.0731201171875,0.36913254857063293
IMG_8171.png,13,6.0,1.0,0.0,929.389892578125,893.2368774414062,929.5966796875,893.979736328125,0.7711032629013062
IMG_8171.png,15,1.0,2.0,0.0,554.51953125,775.12841796875,554.66796875,775.2349853515625,0.18273012340068817
IMG_8171.png,17,3.0,2.0,0.0,690.2518920898438,850.5062255859375,690.0648803710938,850.2377319335938,0.327203631401062
IMG_8171.png,19,5.0,2.0,0.0,821.5601196289062,922.5506591796875,820.9365844726562,922.3723754882812,0.6485223174095154
IMG_8171.png,21,0.0,3.0,0.0,447.5507507324219,805.1962890625,447.5645446777344,805.7582397460938,0.5621199607849121
IMG_8171.png,23,2.0,3.0,0.0,584.4656982421875,879.8360595703125,584.529541015625,879.7174682617188,0.13468407094478607
IMG_8171.png,25,4.0,3.0,0.0,716.23974609375,951.05029296875,715.697998046875,950.5518798828125,0.7361429929733276
IMG_8171.png,27,6.0,3.0,0.0,844.2376708984375,1019.64208984375,843.758544921875,1020.4176635742188,0.9116338491439819
IMG_8171.png,29,1.0,4.0,0.0,480.19097900390625,908.4502563476562,480.5057373046875,908.8826904296875,0.5348570346832275
IMG_8171.png,31,3.0,4.0,0.0,612.8999633789062,978.8825073242188,612.8327026367188,978.6384887695312,0.2531186640262604
IMG_8171.png,33,5.0,4.0,0.0,741.1760864257812,1046.6075439453125,740.500244140625,1046.3115234375,0.7378284931182861
IMG_8171.png,35,0.0,5.0,0.0,376.9346923828125,936.494873046875,377.41497802734375,937.2232055664062,0.8724348545074463
IMG_8171.png,37,2.0,5.0,0.0,511.0462341308594,1006.1847534179688,511.7320861816406,1006.5794677734375,0.7913232445716858
IMG_8171.png,39,4.0,5.0,0.0,640.0419921875,1073.083984375,639.8416748046875,1072.58251953125,0.539994478225708
IMG_8171.png,41,6.0,5.0,0.0,765.21044921875,1137.8746337890625,764.6647338867188,1138.3623046875,0.731866180896759
IMG_8171.png,43,1.0,6.0,0.0,410.216552734375,1033.0855712890625,410.8563537597656,1033.7578125,0.9280375242233276
IMG_8171.png,45,3.0,6.0,0.0,540.3719482421875,1099.1922607421875,540.6673583984375,1099.34423828125,0.33221128582954407
IMG_8171.png,47,5.0,6.0,0.0,666.07275390625,1163.1146240234375,665.7918090820312,1162.9937744140625,0.3058342933654785
IMG_8174.png,1,1.0,0.0,0.0,499.99029541015625,773.1416015625,500.45263671875,772.7813720703125,0.5861098766326904
IMG_8174.png,3,3.0,0.0,0.0,626.7376098632812,828.0025024414062,627.002685546875,827.6104125976562,0.4732859134674072
IMG_8174.png,5,5.0,0.0,0.0,763.093994140625,886.2627563476562,763.20703125,885.8421630859375,0.43551817536354065
IMG_8174.png,7,0.0,1.0,0.0,395.76202392578125,784.1338500976562,396.5048522949219,783.3841552734375,1.0553843975067139
IMG_8174.png,9,2.0,1.0,0.0,520.80078125,840.5867309570312,521.1316528320312,841.3651733398438,0.8458418846130371
IMG_8174.png,11,4.0,1.0,0.0,654.7117309570312,900.4606323242188,654.685546875,901.0289916992188,0.5689622163772583
IMG_8174.png,13,6.0,1.0,0.0,799.7135009765625,964.6065063476562,800.5484008789062,963.1813354492188,1.6517173051834106
IMG_8174.png,15,1.0,2.0,0.0,411.8125915527344,853.1594848632812,412.6170959472656,853.1605224609375,0.8045050501823425
IMG_8174.png,17,3.0,2.0,0.0,543.7015380859375,914.7348022460938,543.9791259765625,915.9336547851562,1.2305699586868286
IMG_8174.png,19,5.0,2.0,0.0,685.793701171875,980.5968017578125,686.0043334960938,981.2411499023438,0.677901566028595
IMG_8174.png,21,0.0,3.0,0.0,299.1163024902344,865.7665405273438,299.8345947265625,864.8983154296875,1.1268357038497925
IMG_8174.png,23,2.0,3.0,0.0,429.41021728515625,929.145263671875,429.9558410644531,930.0750122070312,1.0780248641967773
IMG_8174.png,25,4.0,3.0,0.0,569.0845947265625,996.8309936523438,569.3496704101562,998.3453369140625,1.5373680591583252
IMG_8174.png,27,6.0,3.0,0.0,720.6375122070312,1069.967529296875,721.4066772460938,1068.62548828125,1.5468318462371826
IMG_8174.png,29,1.0,4.0,0.0,311.0796203613281,943.7633056640625,311.7763366699219,943.5049438476562,0.7430776953697205
IMG_8174.png,31,3.0,4.0,0.0,448.83306884765625,1013.39990234375,449.3112487792969,1014.2109985351562,0.941558837890625
IMG_8174.png,33,5.0,4.0,0.0,597.4620971679688,1088.5003662109375,597.8428955078125,1089.0396728515625,0.6601961851119995
IMG_8174.png,35,0.0,5.0,0.0,187.8305206298828,958.6734619140625,188.65440368652344,958.3388061523438,0.8892568945884705
IMG_8174.png,37,2.0,5.0,0.0,324.1567077636719,1030.410888671875,324.6864929199219,1030.45361328125,0.5315051078796387
IMG_8174.png,39,4.0,5.0,0.0,470.44305419921875,1107.635986328125,470.8094482421875,1108.2401123046875,0.706549882888794
IMG_8174.png,41,6.0,5.0,0.0,629.5196533203125,1191.915771484375,630.491455078125,1191.2830810546875,1.1596101522445679
IMG_8174.png,43,1.0,6.0,0.0,194.02313232421875,1047.9906005859375,194.5028533935547,1046.81494140625,1.2697664499282837
IMG_8174.png,45,3.0,6.0,0.0,338.5438232421875,1127.5335693359375,338.68695068359375,1126.8294677734375,0.7185015678405762
IMG_8174.png,47,5.0,6.0,0.0,494.7232666015625,1214.151611328125,495.1292419433594,1214.0130615234375,0.428966224193573
